ID,Text
0,Summer #TopGun https AABKxnEDv
1,Warning Real flying Real forces make puke #TopGun https CRjROgOvwd
2,#TopGun https vdhTtXb
3,Feel need Trailer tomorrow #TopGun https rWHfKdkmGF
4,Thank fans came Hall today great share first trailer Maverick with https akzi
5,Maverick back #TopGun https ZDeE
6,Check official poster #TopGun Maverick starring theatres https emkDH
7,Summer Summer https SNvZx
8,They grow fast https
9,taking quick break from filming tell best watch Mission Impossible Fallout movie love home https
10,Today Mission Impossible Fallout digital https veAeEmiEw
11,Thank everyone supported Mission Impossible Fallout theaters have been working extras behind scenes footage excited announce that will released digital November December https
12,feet people hours hiking most impossible screening #MissionImpossible Fallout Thank coming wish could have been there https
13,Thank making #MissionImpossible Fallout such success make these movies glad enjoyed https bzWgdYqpUZ
14,word https xkLQS
15,Today #MissionImpossible Fallout https PnqrfTjsL
16,This mission want miss film critics calling wildly entertaining insanely
17,cracked case missing vintage sneakers #ComeHereDarling https
18,This been incredible worldwide tour Thank everyone came support #MissionImpossible Fallout made this film https
19,Prepare biggest boldest stunts sneak peek #MissionImpossible Fallout theatres https
20,Thank Seoul such warm welcome #MissionImpossible Fallout https AjhcvxrBf
21,Thank Paris What amazing time World Premiere #MissionImpossible Fallout https MfdNSOUWYX
22,stakes have never been higher Check behind scenes look #MissionImpossible Fallout https iTNDeJ
23,Paris wait celebrate your city with July Global Premiere #MissionImpossible https MYtpFtwF
24,#MissionImpossible Fallout tickets sale Dropped from races https
25,Wait quick that only thing package
26,#MissionImpossible Fallout tougher mission best Mission WAIT https bpjv
27,sent package
28,have mission should choose accept
29,That impact joke #MissionImpossible Fallout https
30,Real action Real stunts kidding #MissionImpossible Fallout https iloQCvMPqw
31,Over jumps https cMoXmtWXfQ
32,full year making Check #MissionImpossible Fallout https FMsPWfSZfR
33,Halo jump #MissionImpossible Fallout https ubDmpZLoQY
34,#Day https jjPL
35,ready https naGAk
36,haven seen anything #MissionImpossible Fallout https
37,#MissionImpossible Fallout Tomorrow https aZTyGgb
38,Check poster #MissionImpossible Fallout https kZCfmmyqud
39,honor recognized #CinemaCon last night with Pioneer Year award Will Rogers Motion Picture Pioneers Foundation organization that does much many https SQTOevc
40,Thank amazing cast crew people Dhabi That wrap #MissionImpossibleFallout https yKhcO
41,Dropping Summer #MissionImpossibleFallout https ruZyVbi
42,Thank everyone Dhabi amazing help cooperation filming here continues wonderful experience
43,always wanted sequence like this Here look helicopter stunt from #MissionImpossible https cXFPiBZV
44,https Ycosxg
45,excited full featurette tomorrow #MissionImpossible https HxdjXnx
46,Here first trailer #MissionImpossible Fallout https
47,#MissionImpossible trailer drops later today excited https TqgW BtiTf
48,Your mission should choose accept Retweet first Fallout trailer
49,Check first poster #MissionImpossible Fallout https dxtZ vayl
50,Days #MissionImpossible https CLBvQBcQ
51,https
52,#MissionImpossible trailer days https dLsUl
53,https SekS
54,ready most thrilling mission https WPOMFnzpd
55,upped ante sixth #MissionImpossible wait guys more https ZsaI
56,ready #MissionImpossible https zJAYWVLqmt
57,Find more about behind American Made Barry Seal truly looked life adventure https zarzTK
58,Thanks looks amazing https ZQUD
59,Meet Gringo always delivers #AmericanMade https aKlCw
60,Thank amazing people Zealand great time filming next Mission Impossible here https GqSmAJpQ
61,complete https blUnwjM
62,great working with #TheMummy even though were kicking each other https ZfPOWb
63,make this stuff Catch trailer #AmericanMade https GzzFHntfDI
64,felony doing good guys Check #AmericanMade poster https IKZe uAjHL
65,Join Cruise Ship this Wednesday #LateLateLondon https nDSIoIwDr
66,Thank everyone joined Mummy premiere France https xRvUNrlTN
67,Unforgettable experience Madrid meeting with President Enrique Cerezo https hDgA
68,What amazing crowd Taiwan Thank such warm welcome #TheMummy https DhWk EDvbR
69,This only make Grossman scarier https OKlP
70,While Australia talented Jino Bruinessen made this sarcophagus completely sand Incredible #TheMummy https AspagdJNpD
71,grateful this cast director making Mummy such unforgettable experience https UEbsMRtVS
72,Thank everyone came Mummy premiere Australia great back https jgEMp
73,thank guys enough coming today hope enjoy Mummy https BedTgV
74,want miss Mummy have surprises https kXnEp
75,Here final trailer Mummy Enjoy https szID cfGLo
76,monster sized battle #TheMummy theaters June https WguVfaNse
77,careful opening those things https OxSJUO
78,privilege working with this cast wait guys https QTQFiI
79,month #TheMummy will rise theaters June https kfLpvt
80,June #TheMummy will awoken Check trailer https GFxkVF
81,will stop until remade world into #TheMummy https NpaOjyAT
82,#SXSW check #TheMummy Zero Gravity Experience Austin Convention Ballroom #TheMummyVR https
83,graphic posters created digital release Never Back https
84,have something special fans today exclusive behind scenes peek movie #TheMummy https
85,Check first trailer #TheMummy excited this world gods monsters https eZepLcf
86,excited help bring #TheMummy life wait guys full trailer Sunday https GRbZYdIjFe
87,Welcome world gods monsters #TheMummy theaters this summer https nfudezM
88,hope enjoying Jack Reacher Never Back this weekend
89,Thanks support glad liked https gdEiWL
90,Enjoy https ggxriB
91,glad enjoyed https SODtX
92,Thanks These movies much make https cSWoC mUaX
93,thank artists have been inspired #JackReacherMovie Never stop creating https imVg kifGK
94,love Jack Reacher hope enjoy this cool poster #JackReacherMovie https QYTtn
95,recreated famous film roles single take https #CruiseRoleCall
96,Tonight James recreate most iconic film roles single take #CruiseRoleCall https
97,character evolved from first #JackReacher film #AskLee
98,Jack Reacher Never Back almost here hold over here trailer #JackReacherMovie https emTr IkTAQ
99,adventure gets bigger Jack Reacher Never Back will IMAX October https oQnTd
100,Thank wonderful people Namibia made filming Mummy unforgettable experience https ethFj
101,were badass made great team https nHflVDMmba
102,These films much make hope enjoy trailer Jack Reacher Never Back https aKHfow
103,Jack coming back Check full trailer tomorrow https iQGGl
104,Just back from weekend Orleans friend discuss little https
105,Paramount found real life Ethan Hunts challenged them live their name Welcome https
106,wanted extend special thank everyone helped make #MissionImpossible huge success again today
107,Thank fans Mission Impossible Rogue Nation theaters Happy announce will December
108,Behind scenes look performs most badass stunt ever http iOHctsozVp http
109,Mission Impossible Rogue Nation opens tomorrow Japan Friday Complete Mission with #MIJP http LGoptci
110,blast doing #CantFeelMyFace Wait till real perform #VMAs
111,#MissionImpossible Rogue Nation movie world your tickets http UMro oCcU http iEGR
112,loved seeing fans Japanese Premiere thrilled share Mission Impossible with #MIJP http IpHHC
113,Today Japanese Premiere Mission Impossible Rogue Nation Watch live stream here http FfeMa #MIJP
114,iTunes Mission Impossible #RogueNation with Hear https VsaW yQrJC http
115,hope enjoy #MissionImpossible Rogue Nation this weekend http pFkG
116,Mission Impossible Rogue Nation HOLEEEEE best ride best film seen years
117,Well played #MissionImpossible well played https HZuq
118,Mission Impossible Rogue Nation PLAYING theaters #MissionImpossible http qnfRyLr http
119,just arrived Japan MISSION More come soon #MIJP http MjDLaIXF
120,SPECTACULAR wait #MissionImpossible Rogue Nation http qnfRyLr http
121,#MissionImpossible Rogue Nation certified fresh Experience action theaters TONIGHT https
122,Rogue Nation stellar Great cast Great action #IMAXMissionImpossible
123,quality Even better huuuuge screen #imaxmissionimpossible
124,#MissionImpossible #RogueNation Certified Fresh http kjry xqHL #Tomatometer http EEVkuFH
125,rogue Follow MissionMovie Snapchat your next mission briefing #MissionImpossible http NEGO
126,finally here seeing #MissionImpossible Rogue Nation tonight http
127,stunts look real because they real Experience #MissionImpossible Rogue Nation theaters tonight https
128,Relentlessly thrilling ready experience impossible http YjoqKR
129,LIVE Join #MissionImpossible Rogue Nation director live Reddit http kTAjoZht http
130,Loved seeing yesterday #MissionImpossible premiere wait everyone this film http dIaNoS
131,Cruise sync battle http Zonq #CantFeelMyFace #TopGun #MissionImpossible
132,Love these IMPOSSIBLE trick shots Thanks https OMaKY
133,blast https MHwPP
134,Head Loews Lincoln Square meet stars #MissionImpossible before they walk carpet http
135,Watch full #AskMissionImpossible from London with Cruise stars MIssion Impossible https
136,stunts Mission Impossible Rogue Nation awesome because they real http http fsrqF
137,Reasons Have #MissionImpossibleRogueNation http RMqppOxvD http
138,cast #MissionImpossible #RogueNation took your Twitter questions today watch their answers here https
139,Jimmy Fallon Sync Battle Monday going down #FallonTonight
140,Join rogue nation Snapchat custom #MissionImpossible filter snap MissionMovie http
141,TODAY miss live Twitter Cruise cast #AskMissionImpossible https
142,just days away #MissionImpossible http EoYRW
143,Honored work alongside Rebecca Simon #MissionImpossible wait this film week http tceKRRyZfh
144,best action movie summer #MissionImpossible Rogue Nation hits theaters WEEK https
145,#MissionImpossible Rogue Nation Film Review http FLMpuZbAQ http ytNo
146,Just another night opera #MissionImpossible http woyGG
147,Attend world premiere #MissionImpossible with live streaming event here https tNWQZ http mIxQIEIFUL
148,this #TBT haven seen anything week until #MissionImpossible http
149,ready Mission Impossible Rogue Nation days #MissionImpossible https iddwo
150,Join #MissionImpossible world premiere Vienna this time tomorrow live stream
151,days until #MissionImpossible Rogue Nation ready http QFCDd
152,rest #MissionImpossible Rogue Nation cast taking your questions #AskMissionImpossible http
153,days experience impossible #MissionImpossible http qnfRyLr https GQOi OCDX
154,world first dedicating entire channel Hollywood biggest superstar https kTfIeE
155,stunts look real because they real #MissionImpossible https ugGcHF
156,with Coming soon #roguenation #missionimpossible http zfWkfGht
157,Join rogue nation Snapchat Check story your next mission briefing Snapchat MissionMovie https
158,officially Mission Month Find Rogue July #MissionImpossible Rogue Nation http jfQTdEc
159,Follow MissionMovie Snapchat special message from Cruise http tWIzy wrpJ
160,ready #MissionImpossible Rogue Nation wait guys this film http CLypdqJVyI
161,Will choose accept #MissionImpossible http UGUULtmSH
162,Thank everyone Georgia been welcoming Doug Liman shoot next film
163,Find rogue July #MissionImpossible http RIACo
164,Every damn mission rogue #WhoIsRogue #MissionImpossible http xRqP cSKE
165,liked #MissionImpossible trailer https RgCGsGB
166,Enjoy #MissionImpossible trailer Beautiful locations great cast this film blast make http ZETD
167,#MissionImpossible fans Ethan back ready trailer tomorrow http GfgZo
168,handled https tTyzf
169,Ready #MissionImpossible https UUMqmhFUCU
170,This amazing view haven seen anything #MissionImpossible #TBT http zBItcIsJn
171,Behind scenes #MissionImpossible with great Abrams #TBT http rBxPffsOFf
172,Director John #MissionImpossible #TBT http cWLmd rQEj
173,Thank Simon Rebecca helping introduce footage from #MissionImpossible Rogue Nation CinemaCon http
174,remembers this scene #TBT http JuXM yTcm
175,Mission Impossible looks awesome Might watch them again
176,Holyshit Mission Impossible looks AMAZING filled with action always theme song awesome
177,Ready here they come Tickets available #MissionImpossible Rogue Nation http VIHTaF
178,first #MissionImpossible Rogue Nation July IMAX sale http tPdui http
179,team have been hard work #MissionImpossible Rogue Nation very excited share first trailer http aQlt
180,First images from Mission Impossible Rogue Nation plus interviews with director http
181,Count down #MissionImpossible Rogue Nation trailer with this first look starring https KWMGu
182,excited share first footage Mission Impossible Rogue Nation with #MissionImpossible http cLpzKq
183,#MissionImpossible http AioNQOsswh
184,Light fuse
185,challenging #ALSIceBucketChallenge Mission accomplished https bhKR
186,Sorry make Austin this week hope audiences enjoy Cruise Control marathon http rLNNMiP
187,always feel welcome here Thanks fans Japan amazing time http lzDM
188,Good morning Tokyo full press Need Kill Edge Tomorrow
189,What Thank Osaka Fukuoka Tokyo fans over Japan http
190,Without book Need Kill there wouldn Edge Tomorrow love being here with fans Japan Tokyo
191,fans Fukuoka Come Need Kill event HAKATA CITY starting
192,Dotonbori River cool Thank Osaka http ELIMqoax
193,kicking Need Kill tour through Japan Dotonbori River Osaka come find when wake
194,Konnichiwa Osaka Japan Need Kill tour Edge Tomorrow rest world http
195,Heading Japan visit Osaka Fukuoka Tokyo amazing fans
196,excited visit Japan Edge Tomorrow released Need Kill based book that inspired movie wait
197,What scene from would like relive #LiveOnTheEdge
198,#EdgeofTomorrow this weekend http
